filename,loss_total,loss_bbox,loss_cls,loss_rpn_bbox,loss_rpn_cls
1133.jpg,1.0543424442886646,0.4803721308708191,0.4811176061630249,0.05156587832607329,0.041286828928747354
370.jpg,0.7314950905674777,0.471210777759552,0.23948544263839722,0.012918858788907528,0.007880011380621
116.jpg,0.5791065077300876,0.3725068271160126,0.16970044374465942,0.03431438491679728,0.002584851952618372
820.jpg,0.5406583500507622,0.32940343022346497,0.19034606218338013,0.017037249635905027,0.0038716080080121174
227.jpg,0.5076856745035911,0.23213601112365723,0.24378374218940735,0.01781388372182846,0.013952037468698109
592.jpg,0.45984442648659685,0.2445974051952362,0.15011923015117645,0.014151686686091125,0.05097610445409306
1038.jpg,0.44545003312350673,0.3051341772079468,0.127342090010643,0.012890491867437959,8.327403747898643e-05
917.jpg,0.437010203788077,0.22498184442520142,0.1967463195323944,0.009193024598062038,0.006089015232419115
117.jpg,0.4306940014301688,0.2671220898628235,0.128572016954422,0.026354199275374413,0.008645695337548887
371.jpg,0.42861546875974454,0.29749277234077454,0.11386361718177795,0.016967612085863948,0.0002914671513281064
895.jpg,0.4052813391505765,0.274646520614624,0.11910002678632736,0.011492209043353796,4.258270627133243e-05
624.jpg,0.39313510838871935,0.20836558938026428,0.17404474318027496,0.010434717405587435,0.000290058422592665
215.jpg,0.38871356490528797,0.24738380312919617,0.11660265177488327,0.022266695275902748,0.0024604147253057818
754.jpg,0.3801762843581855,0.2721591293811798,0.0953221544623375,0.012282820418477058,0.00041218009619115037
981.jpg,0.3729014840639593,0.24959969520568848,0.10612960159778595,0.017029838636517525,0.0001423486239673366
755.jpg,0.36130751266313865,0.2557995021343231,0.09440063685178757,0.010991465765982866,0.0001159079110450989
845.jpg,0.3588862295518993,0.2437625229358673,0.10114509612321854,0.01388209592550993,9.651456730352947e-05
1099.jpg,0.3584295998361995,0.21475033462047577,0.1299191415309906,0.012900972738862038,0.0008591509458710789
413.jpg,0.35001911873405334,0.22314219176769257,0.1086343377828598,0.01650972804054618,0.001732861142954789
898.jpg,0.3436290398593086,0.22563055157661438,0.10376140475273132,0.014193860813975334,4.322271598755645e-05
58.jpg,0.3417078452034721,0.23961609601974487,0.08630247414112091,0.015178789617493749,0.0006104854251125502
664.jpg,0.33440321727001887,0.15459387004375458,0.17200885713100433,0.007545205298811197,0.00025528479644876256
1011.jpg,0.33057942576004606,0.20883530378341675,0.10091041028499603,0.019935966236516833,0.0008977454551164499
359.jpg,0.3258231900085775,0.2203008532524109,0.08483923971652985,0.020526098553091288,0.00015699848654548987
377.jpg,0.2906950373444488,0.17205247282981873,0.10520793497562408,0.013255375437438488,0.00017925410156749422
520.jpg,0.29029119563008976,0.14123916625976562,0.14423878490924835,0.004649055190384388,0.000164189270691395
191.jpg,0.28842255746481094,0.164208322763443,0.11515375971794128,0.008779130410403013,0.00028134457302364524
1015.jpg,0.27193830198598334,0.14016172289848328,0.12290319055318832,0.008817623602226377,5.5764932085367036e-05
1098.jpg,0.26648997389618145,0.18904531002044678,0.05947587639093399,0.011988923884928226,0.005979863599872459
459.jpg,0.2645219253652158,0.1582154780626297,0.09705955535173416,0.008587749674916267,0.0006591422759356647
1030.jpg,0.2606109841494799,0.17524389922618866,0.07160548865795135,0.013652962166815996,0.0001086340985239076
935.jpg,0.256511334034041,0.071555957198143,0.1818958818912506,0.0029934039775980636,6.609096704934814e-05
949.jpg,0.2564492088467283,0.16854964196681976,0.0757477879524231,0.010620362125337124,0.0015314168021483
154.jpg,0.2527460785627227,0.17939266562461853,0.06476709991693497,0.008507874212227762,7.843880894142785e-05
687.jpg,0.24758744604929458,0.16726215183734894,0.0732835978269577,0.006834782660007477,0.00020691372498046756
427.jpg,0.24711206598909996,0.16276901960372925,0.0734703540802002,0.010075230617076159,0.0007974616880943586
846.jpg,0.241968475172337,0.15371480584144592,0.06888172030448914,0.010586806572973728,0.008785142453428207
834.jpg,0.24140944785174234,0.12292539328336716,0.11018091440200806,0.008254789980128407,4.835018623872145e-05
1168.jpg,0.24122869171779193,0.09474463760852814,0.13242259621620178,0.008503824239596725,0.005557633653465288
1192.jpg,0.23886458250888154,0.14938810467720032,0.08377425372600555,0.005308407940901816,0.0003938161647738525
768.jpg,0.2325312281620544,0.1458529829978943,0.0752224326133728,0.011212320998311043,0.00024349155247627152
720.jpg,0.22920061757790222,0.1653817743062973,0.05862218886613846,0.005092063103802502,0.0001045913016639588
1012.jpg,0.22602736830094683,0.1620718091726303,0.05431417003273964,0.009507032576948404,0.00013435651862847564
794.jpg,0.22537830792128943,0.14347392320632935,0.07265486568212509,0.009168814867734909,8.070416510008727e-05
593.jpg,0.22459075177664545,0.13989472389221191,0.07727158814668655,0.005268957000225782,0.002155482737521197
989.jpg,0.22421306852015732,0.1527758538722992,0.061271436512470245,0.009391962666995823,0.0007738154683920584
1134.jpg,0.22194244720412826,0.13809366524219513,0.07280958443880081,0.004633646633010358,0.006405550890121958
203.jpg,0.21180020606016114,0.1427488923072815,0.06015041097998619,0.0049000883009284735,0.004000814471964986
982.jpg,0.20900426864560018,0.10064265131950378,0.10511410236358643,0.0031443641055375338,0.00010315085697243376
948.jpg,0.20857234782897605,0.12657028436660767,0.07602948695421219,0.00589496036991477,7.761613824142088e-05
419.jpg,0.2058787837816567,0.1481878012418747,0.05282944440841675,0.0045602109748870134,0.00030132715647823716
616.jpg,0.20321802478338213,0.11259011179208755,0.08477345108985901,0.005747571121901274,0.0001068907795342966
883.jpg,0.19769164833064656,0.11504212766885757,0.07388503849506378,0.008445016108453274,0.0003194660582719333
17.jpg,0.19563214784855631,0.13628092408180237,0.04418604075908661,0.013604237698018551,0.0015609453096487869
379.jpg,0.19482974624779104,0.13739259541034698,0.05184906721115112,0.005550698551815003,3.738507447792472e-05
746.jpg,0.19465530244269758,0.13452771306037903,0.055519331246614456,0.0042297146283090115,0.00037854350739507936
246.jpg,0.19367494841867483,0.07805009186267853,0.09956750273704529,0.005027905572205782,0.011029448246745233
515.jpg,0.1923493535068701,0.07680614292621613,0.11236230283975601,0.0030889473855495453,9.19603553484194e-05
426.jpg,0.19020098674695873,0.12427499890327454,0.057186052203178406,0.006838265573605895,0.0019016700668998965
186.jpg,0.18998548259691006,0.13576819002628326,0.04672987759113312,0.00746249919757247,2.491578192120869e-05
382.jpg,0.1896184754185697,0.13341863453388214,0.0502079576253891,0.005956118227913976,3.576503138447151e-05
494.jpg,0.1880254918206674,0.12335552275180817,0.04876039922237396,0.011753897182643414,0.0041556726638418695
1151.jpg,0.18792504201485372,0.1311805248260498,0.051604222506284714,0.005074153654277325,6.614102824187285e-05
1107.jpg,0.1863210286440884,0.12075456976890564,0.06006583571434021,0.004950650501996279,0.000549972658846265
1004.jpg,0.1852689586216556,0.11270448565483093,0.06466728448867798,0.007817601785063744,7.958669308294475e-05
178.jpg,0.18485845566049974,0.09194357693195343,0.0870787501335144,0.0057886214926838875,4.7507102348021135e-05
1033.jpg,0.18471578988555848,0.13533279299736023,0.04415005445480347,0.005136232357472181,9.671007592260139e-05
279.jpg,0.17994848722632284,0.12188941240310669,0.051569316536188126,0.0064114166889339685,7.834159809405605e-05
5.jpg,0.17868948676445484,0.12078673392534256,0.04999539256095886,0.007615568116307259,0.0002917921618461605
276.jpg,0.17792508956425834,0.11984185874462128,0.05366208404302597,0.004333686432801187,8.746034380990864e-05
973.jpg,0.17586398146704374,0.10838840156793594,0.04761277511715889,0.00988944387063384,0.009973360911315066
1195.jpg,0.1746946613709497,0.11111656576395035,0.056662723422050476,0.006843314098659903,7.205808628896193e-05
913.jpg,0.17464104921970858,0.11720376461744308,0.05301105976104736,0.004388477187603712,3.774765361441723e-05
124.jpg,0.16820715568927724,0.12166862189769745,0.0390508696436882,0.0073595414869487286,0.00012812266094286429
740.jpg,0.16777763443860683,0.11507073044776917,0.04674536734819412,0.0059058284386992455,5.5708203944293544e-05
1026.jpg,0.16751054188476988,0.11788897216320038,0.037543073296546936,0.011010997463017702,0.0010674989620048647
872.jpg,0.16741051911117208,0.08884105831384659,0.07421889901161194,0.004298642394132912,5.1919391580640406e-05
889.jpg,0.1668696531602336,0.11662620306015015,0.037569914013147354,0.011707241646945477,0.0009662944399906337
712.jpg,0.1668583744985881,0.11051309108734131,0.05366543307900429,0.002648673253133893,3.11770791086019e-05
642.jpg,0.16512084581512454,0.1097915768623352,0.04905594140291214,0.005753511097282171,0.0005198164525950233
841.jpg,0.1619458986792779,0.10053332895040512,0.05066816881299019,0.009210547432303429,0.0015338534835791506
721.jpg,0.15713957040519233,0.09649268537759781,0.05344924330711365,0.006786947138607502,0.00041069458187337204
101.jpg,0.15108637056437146,0.10417056083679199,0.04299744963645935,0.003819978446699679,9.838164442044217e-05
533.jpg,0.1510039824375884,0.09517348557710648,0.05143260583281517,0.004145035403780639,0.0002528556238861057
631.jpg,0.1510039370700711,0.10185505449771881,0.043856993317604065,0.005172079429030418,0.00011980982571779819
1143.jpg,0.1480640716781636,0.07415200769901276,0.07275668531656265,0.0011440141825005412,1.1364480087650008e-05
480.jpg,0.1467008017984881,0.09948255866765976,0.04065249115228653,0.006530236918479204,3.551506006260752e-05
844.jpg,0.14586811190326898,0.10361309349536896,0.03592624515295029,0.006300298031419516,2.8475223530222138e-05
1020.jpg,0.14327954693342804,0.08432125300168991,0.055507078766822815,0.0034379742573946714,1.3240907520639666e-05
28.jpg,0.14310776316778684,0.09500102698802948,0.044457342475652695,0.0036098179407417774,3.957576336288682e-05
390.jpg,0.1416204964407366,0.08814474940299988,0.0471087284386158,0.006247618701308966,0.00011939989781195592
496.jpg,0.14078619753672617,0.08883661031723022,0.048776350915431976,0.0018162711057811975,0.0013569651982827668
331.jpg,0.1403195579409835,0.09013437479734421,0.047881968319416046,0.0021885905880481005,0.00011462423617514261
221.jpg,0.13948264844498226,0.0971764326095581,0.03476051613688469,0.007489582058042288,5.611764049717749e-05
936.jpg,0.13887928165363972,0.09514973312616348,0.03797854110598564,0.005701894871890545,4.911254960004996e-05
809.jpg,0.13566623497976593,0.057014256715774536,0.07477129995822906,0.003870750078931451,9.928226830879794e-06
148.jpg,0.133568548212871,0.08159426599740982,0.04779309779405594,0.0038647407200187445,0.000316443701386504
778.jpg,0.13272095762806613,0.09301860630512238,0.035830799490213394,0.0033441688283346593,0.0005273830043956984
947.jpg,0.1324790091512682,0.09144378453493118,0.03718537464737892,0.0037592491135001183,9.060085545797847e-05
904.jpg,0.12912965865723433,0.07134997099637985,0.05430183932185173,0.003463904606178403,1.3943732824345245e-05
591.jpg,0.12902499572546455,0.026685168966650963,0.07097741216421127,0.0005131682846695185,0.0308492463099328
780.jpg,0.12630804890284608,0.09266705811023712,0.030983727425336838,0.0026156187523156404,4.1644614956481973e-05
44.jpg,0.12625795145041252,0.08619383722543716,0.03667338937520981,0.0033536545233801007,3.7070326385446606e-05
173.jpg,0.12585980646594663,0.0802346020936966,0.04174891114234924,0.003743003122508526,0.00013329010739226987
1175.jpg,0.12533984602043802,0.0781734362244606,0.042158231139183044,0.004592539393343031,0.0004156392634513395
497.jpg,0.12196172714870457,0.0871223583817482,0.03167273849248886,0.0031580731738358736,8.557100631634285e-06
97.jpg,0.11817621389707245,0.050315722823143005,0.06470568478107452,0.003123899456113577,3.0906836741340094e-05
504.jpg,0.11648359546592602,0.09375804662704468,0.017005765810608864,0.005246045999228954,0.00047373702904351944
89.jpg,0.11615539259064178,0.07315130531787872,0.03958003222942352,0.00339273689314723,3.131815019230544e-05
656.jpg,0.11487255252677642,0.023421786725521088,0.0880197286605835,0.0032880534417927265,0.00014298369887910667
466.jpg,0.11471004124985029,0.06283149868249893,0.048117995262145996,0.003746254835277796,1.4292469927568163e-05
914.jpg,0.11363669635647877,0.06480298936367035,0.036868300288915634,0.011159155517816544,0.0008062511860762456
271.jpg,0.11274061917342948,0.06828571110963821,0.040710825473070145,0.003721368033438921,2.271455728219962e-05
905.jpg,0.11212990328340311,0.07456991821527481,0.03457037732005119,0.0025993925519287586,0.0003902151961483469
972.jpg,0.1109389546472811,0.059529975056648254,0.04658931493759155,0.004677845165133476,0.00014181948790781274
983.jpg,0.10856853578937375,0.07207353413105011,0.03253274783492088,0.0038906349800527096,7.161884335005197e-05
865.jpg,0.10692918261102591,0.08013071119785309,0.02186138927936554,0.0049028475768864155,3.4234556920864634e-05
1179.jpg,0.10622101061176159,0.08285568654537201,0.019884143024683,0.003303646808490157,0.00017753423321642536
693.jpg,0.1062016240928898,0.0795181393623352,0.021026166155934334,0.005211532115936279,0.00044578645868398326
1172.jpg,0.10313413098491786,0.07197847962379456,0.02599964663386345,0.0050628911703825,9.311355687735556e-05
1139.jpg,0.10202266081486755,0.06583753228187561,0.0338907316327095,0.0019964203238487244,0.00029797657643371167
934.jpg,0.10170941536776468,0.05540647730231285,0.043830376118421555,0.002454802510328591,1.7759436701680897e-05
980.jpg,0.10072687160486637,0.07431762665510178,0.01957165263593197,0.004224655218422413,0.002612937095410217
912.jpg,0.09986560944071243,0.06820937991142273,0.027765430510044098,0.0036373455077409744,0.000253453511504631
703.jpg,0.09922266562466575,0.06054740399122238,0.032593343406915665,0.006036512029822916,4.540619670478918e-05
446.jpg,0.09893024826305916,0.07302241027355194,0.022936368361115456,0.0027917269617319107,0.00017974266665984895
1111.jpg,0.09852294295769992,0.07249884307384491,0.02048458345234394,0.005492676980793476,4.68394507175951e-05
1028.jpg,0.09777248624493495,0.07965075224637985,0.01612749882042408,0.0018342570692766458,0.00015997810885437502
1090.jpg,0.09764776468500713,0.06382676213979721,0.029080171138048172,0.004671892849728465,6.893855743328459e-05
828.jpg,0.09743019528167451,0.07027474790811539,0.02569088153541088,0.001449983799830079,1.4582038318167179e-05
530.jpg,0.09742320793259296,0.07286709547042847,0.021998533979058266,0.0025377366691827774,1.984181392344908e-05
127.jpg,0.0970763933806893,0.06894569098949432,0.026440326124429703,0.001644027535803616,4.634873096165393e-05
493.jpg,0.0966077902714062,0.06748601794242859,0.025367993861436844,0.0035204635350964963,0.00023331493244427293
726.jpg,0.09615962810880063,0.05774996429681778,0.03513289988040924,0.00313625019043684,0.00014051374113677184
47.jpg,0.09442792737286254,0.05956045165657997,0.031108113005757332,0.003728462557774037,3.090015275120095e-05
1142.jpg,0.09379168018597284,0.07000046223402023,0.016666607931256294,0.007039834512397647,8.477550829866232e-05
424.jpg,0.09299681833178752,0.07036155462265015,0.020844776183366776,0.0015570701798424125,0.00023341734592818852
1031.jpg,0.09227697681698643,0.056484729051589966,0.02925638109445572,0.006409880705177784,0.00012598596576296472
311.jpg,0.091940742583688,0.06504462659358978,0.02395995333790779,0.002927107037976384,9.055614214048546e-06
801.jpg,0.09163974156125354,0.05374615266919136,0.0338912233710289,0.003975192084908485,2.7173436124794392e-05
514.jpg,0.0910821062994529,0.05616091191768646,0.029273930937051773,0.004811123013496399,0.0008361404312182685
1076.jpg,0.09053100092098565,0.05944583937525749,0.02977224439382553,0.0013030560221523046,9.861129750321496e-06
495.jpg,0.09013817296640525,0.0593409538269043,0.028006454929709435,0.002722527540754527,6.823666903699177e-05
1045.jpg,0.08894076295734266,0.04926028475165367,0.036216851323843,0.0033262567594647408,0.0001373701223812418
335.jpg,0.08830000596140053,0.07424513250589371,0.011258034966886044,0.002732007415033877,6.483107358690177e-05
862.jpg,0.08825305287216745,0.06283356994390488,0.01694059930741787,0.008419927908107638,5.895571273706324e-05
510.jpg,0.08818920527403407,0.059186384081840515,0.023771990090608597,0.005207018926739693,2.3812174845261325e-05
1155.jpg,0.08791419526292543,0.05700164660811424,0.029147524386644363,0.0017544820439070463,1.0542224259779687e-05
95.jpg,0.08771951726168936,0.05918378382921219,0.026585876941680908,0.0018355436623096466,0.00011431282848661795
488.jpg,0.08757479292208703,0.055592212826013565,0.025972098112106323,0.005920007824897766,9.047415906937584e-05
14.jpg,0.08750656565908344,0.06385403871536255,0.021298648789525032,0.001984969712793827,0.00036890844140202717
1147.jpg,0.08733264938197394,0.0635770633816719,0.019895581528544426,0.0037779593840241432,8.20450877334622e-05
384.jpg,0.08652706436976132,0.06537087261676788,0.016773078590631485,0.004326319321990013,5.679384037193813e-05
430.jpg,0.08615786325170305,0.059469349682331085,0.02542833983898163,0.0010770251974463463,0.00018314853294398858
468.jpg,0.08586762697069616,0.06571180373430252,0.01771913841366768,0.002328502479940653,0.00010818234278531236
325.jpg,0.08378870497561941,0.05963476002216339,0.022143393754959106,0.0019106686813756824,9.988251712123031e-05
610.jpg,0.08370678010690424,0.04948114976286888,0.030396779999136925,0.0038118138909339905,1.7036453964447418e-05
1183.jpg,0.08365628127678448,0.05213019996881485,0.030054977163672447,0.0014328532852232456,3.8250859073940546e-05
805.jpg,0.08313048396204081,0.023647747933864594,0.05821331962943077,0.0010722989682108164,0.00019711743053463238
566.jpg,0.08200081984713226,0.052891846746206284,0.02560749091207981,0.0034537040628492832,4.777812599687792e-05
1016.jpg,0.08168566489408069,0.05678195133805275,0.02331141196191311,0.0015841448912397027,8.156702875128374e-06
259.jpg,0.08048653294902408,0.06340121477842331,0.014940949156880379,0.0020861153898295015,5.8253623890891504e-05
558.jpg,0.07993385849735546,0.04597638547420502,0.030115529894828796,0.003806507680565119,3.543544775652663e-05
229.jpg,0.07957281256062743,0.04881664365530014,0.019858449697494507,0.0061900290893390775,0.0047076901184937014
376.jpg,0.07887150862958237,0.04801083356142044,0.027955515310168266,0.002879108302295208,2.6051455698450354e-05
1140.jpg,0.0788697003380889,0.05508694797754288,0.023470118641853333,0.0002814707113429904,3.1163007349704896e-05
340.jpg,0.07724938267102743,0.05449879169464111,0.01884407363831997,0.003888672450557351,1.7844887508999818e-05
725.jpg,0.0769261348038981,0.0550156831741333,0.02037389762699604,0.0014996535901445895,3.690041262416344e-05
859.jpg,0.07619422837420586,0.0559459887444973,0.018547700718045235,0.0016586452256888151,4.189368597451448e-05
464.jpg,0.07487795788719831,0.04757925495505333,0.02341306582093239,0.0038717365823686123,1.3900528843979743e-05
501.jpg,0.07422883426872318,0.04841700196266174,0.023351365700364113,0.0023970564361661673,6.341016953115286e-05
547.jpg,0.07380861645424375,0.045308917760849,0.02636914700269699,0.002116613322868943,1.393836782881408e-05
1129.jpg,0.07339810551562209,0.05312888324260712,0.019825296476483345,0.00043621574877761304,7.710047754017069e-06
182.jpg,0.07288860670129438,0.048620663583278656,0.02251436375081539,0.0015723330434411764,0.0001812463237591544
451.jpg,0.07248490263995677,0.05581929534673691,0.014821390621364117,0.0018237271578982472,2.0489513957500094e-05
231.jpg,0.07125581338823395,0.04444574564695358,0.02390722930431366,0.0028348052874207497,6.803314954595407e-05
284.jpg,0.06915566621839275,0.04310619458556175,0.023765912279486656,0.0022428533993661404,4.070595397820398e-05
167.jpg,0.06550529640753666,0.04162493348121643,0.020250484347343445,0.003575411858037114,5.4466720939672086e-05
94.jpg,0.06517781849808557,0.04189683869481087,0.02063022553920746,0.0026195973623543978,3.1156901712847684e-05
1165.jpg,0.06455904631337717,0.04821064695715904,0.013916232623159885,0.0021737786009907722,0.00025838813206746636
636.jpg,0.06419336405861031,0.02603510208427906,0.036429230123758316,0.0016546235419809818,7.440830859195557e-05
997.jpg,0.06367843311872434,0.04294932633638382,0.01882980205118656,0.001865545054897666,3.375967625629528e-05
571.jpg,0.06332367761666191,0.044446904212236404,0.016531717032194138,0.002331919502466917,1.313686976445183e-05
619.jpg,0.06291077163199077,0.03324655070900917,0.02802094630897045,0.0015744708944112062,6.880371959994136e-05
799.jpg,0.06271661442585241,0.04561251401901245,0.015193403698503971,0.0018465174362063408,6.417927212964969e-05
145.jpg,0.06270126815614496,0.04387561231851578,0.01827179826796055,0.00047024001833051443,8.36175513381221e-05
1.jpg,0.06264659599029443,0.045746076852083206,0.015856968238949776,0.0009607082465663552,8.284265269509206e-05
280.jpg,0.06151977508568507,0.03674909472465515,0.022310219705104828,0.0024535926058888435,6.868050036246132e-06
999.jpg,0.06122203500904311,0.03999742120504379,0.018849894404411316,0.0021817940287292004,0.00019292537085879857
710.jpg,0.060694211294498146,0.039043962955474854,0.019592728465795517,0.001971821067854762,8.569880537301344e-05
920.jpg,0.060647685826893394,0.04505767673254013,0.009587079286575317,0.005258632358163595,0.0007442974496143506
998.jpg,0.05985685335679136,0.04286044463515282,0.01577978953719139,0.001154864439740777,6.17547447063771e-05
709.jpg,0.05898846828264914,0.040849167853593826,0.016143176704645157,0.001945900614373386,5.022311003677338e-05
77.jpg,0.05897066723792044,0.042734600603580475,0.01573243737220764,0.0004850309051107615,1.8598357021559764e-05
378.jpg,0.058822689982122256,0.03268786519765854,0.025132250040769577,0.0009649242274463177,3.765051624782245e-05
785.jpg,0.05876178263495646,0.041890066117048264,0.015021703206002712,0.0017730643739923835,7.694893791310164e-05
877.jpg,0.05859860973993136,0.03914479911327362,0.012902812100946903,0.006354276090860367,0.00019672243485047147
270.jpg,0.05773692344669712,0.03439491614699364,0.021840699017047882,0.0014594004023820162,4.190788027358394e-05
481.jpg,0.05771707520210545,0.038846343755722046,0.01385328359901905,0.004992630332708359,2.48175146559948e-05
365.jpg,0.05717697960062651,0.039197392761707306,0.016053136438131332,0.001913846586830914,1.260381395695731e-05
1055.jpg,0.05659851269376048,0.03708602115511894,0.01773446798324585,0.001748662965837866,2.936058955782528e-05
953.jpg,0.056500647496470324,0.03930532559752464,0.01459646224975586,0.002584346802905202,1.4512846284620018e-05
1009.jpg,0.05628609573767829,0.032181091606616974,0.021607160568237305,0.002474771114066243,2.307244875776604e-05
108.jpg,0.05615691496541331,0.037665385752916336,0.01650875061750412,0.0019465591176413,3.621947735155118e-05
531.jpg,0.05543143705000375,0.03682171553373337,0.01583854854106903,0.00273685110732913,3.4321867872222356e-05
113.jpg,0.05375991638925348,0.03796623647212982,0.012764789164066315,0.002908882685005665,0.00012000806805168018
643.jpg,0.05331590940240716,0.03602873533964157,0.015100561082363129,0.002171362517401576,1.5250463000882064e-05
350.jpg,0.05241004100832791,0.032723866403102875,0.0153197031468153,0.0042421892285346985,0.000124282229875039
208.jpg,0.052274429474891804,0.03348500654101372,0.015409898944199085,0.003351198509335518,2.8325480343482923e-05
764.jpg,0.05222619231824388,0.024534055963158607,0.026771359145641327,0.0008656972204335034,5.507998901044253e-05
873.jpg,0.05217867036157031,0.027913538739085197,0.023279670625925064,0.0009726239950396121,1.2837001520438207e-05
587.jpg,0.0516672710563677,0.03875066339969635,0.011291516944766045,0.0015369529137387872,8.813779816652101e-05
975.jpg,0.051548342901583055,0.037156905978918076,0.012248561717569828,0.0021309945732355118,1.1880631859639834e-05
345.jpg,0.05137403737549562,0.04071299731731415,0.007273134309798479,0.002345605753362179,0.0010422999950208123
295.jpg,0.05124828785210411,0.03392702713608742,0.013899734243750572,0.003377476241439581,4.405023082654225e-05
893.jpg,0.0512119111894318,0.03214234113693237,0.016464287415146828,0.0025910846889019012,1.4197948450700437e-05
265.jpg,0.04982714622082085,0.03239448741078377,0.01623847708106041,0.0011642787139862776,2.9903014990395604e-05
833.jpg,0.04914347493217974,0.034248385578393936,0.01351960375905037,0.0013055618619546294,6.992373278080777e-05
675.jpg,0.0489489719983065,0.036787379533052444,0.007916840724647045,0.0041597625240683556,8.498921653865565e-05
281.jpg,0.04882028010797512,0.028017861768603325,0.019008737057447433,0.0016584696713835,0.00013521161054086406
779.jpg,0.048600185451604716,0.023333365097641945,0.023550203070044518,0.0016960417851805687,2.057549873768494e-05
1169.jpg,0.04841983172291009,0.03395787626504898,0.013412687927484512,0.0010408147936686873,8.452736707909025e-06
742.jpg,0.0483913406724219,0.03113800846040249,0.014085425063967705,0.0021800107788294554,0.000987896369222252
285.jpg,0.0478725823234214,0.03208005800843239,0.010687556117773056,0.0023903800174593925,0.0027145881797565607
776.jpg,0.04709508012638253,0.03155382722616196,0.013428396545350552,0.0009760409011505544,0.0011368154537194641
425.jpg,0.046925533924273566,0.03313319385051727,0.010460272431373596,0.00327136367559433,6.070396678836687e-05
1178.jpg,0.046843005183916375,0.02378266304731369,0.022114347666502,0.000931335671339184,1.4658798761502112e-05
702.jpg,0.046782652667275215,0.0332966148853302,0.011862282641232014,0.0016155475750565529,8.207565656448423e-06
1100.jpg,0.04677741806835911,0.03673553094267845,0.00589185394346714,0.004017930943518877,0.00013210223869464244
976.jpg,0.04666138286944488,0.02966155856847763,0.01415612269192934,0.0028215311467647552,2.2170462273152225e-05
255.jpg,0.04664852925702623,0.03816741704940796,0.0075210267677903175,0.0009315659408457577,2.8519498982193525e-05
670.jpg,0.04654159748132347,0.03019370324909687,0.014694616198539734,0.0016028500394895673,5.04279941972996e-05
296.jpg,0.04646002445034014,0.026780866086483,0.01853449083864689,0.0011237056460231543,2.096187918709802e-05
26.jpg,0.04640870510323225,0.03258486092090607,0.013265418820083141,0.0005382452509365976,2.0180111306444815e-05
595.jpg,0.0463408637242253,0.022296810522675514,0.02355217933654785,0.00046117446618154645,3.0699398820388524e-05
713.jpg,0.04598294808453918,0.03162103891372681,0.012375036254525185,0.001975161023437977,1.1711892849208816e-05
763.jpg,0.04558915366249039,0.02828356996178627,0.016211755573749542,0.0010208548046648502,7.297332228972664e-05
882.jpg,0.04527462786681724,0.025618162006139755,0.017895003780722618,0.001757568446919322,3.893633035545463e-06
630.jpg,0.04457721765447786,0.029734637588262558,0.012365628033876419,0.0024575989227741957,1.9353109564690385e-05
315.jpg,0.044312794074044426,0.02851882204413414,0.01369887962937355,0.0020523006096482277,4.279179088850782e-05
807.jpg,0.0439372268471665,0.023739174008369446,0.017740540206432343,0.0023565851151943207,0.0001009275171703905
955.jpg,0.04384950921942732,0.03193655237555504,0.008298027329146862,0.003586745588108897,2.8183926616520694e-05
361.jpg,0.04355526030776946,0.02837265655398369,0.012981278821825981,0.0021317098289728165,6.961510298697515e-05
343.jpg,0.04336311692736647,0.024585945531725883,0.016854582354426384,0.0015269049908965826,0.00039568405031761844
899.jpg,0.04246497268832172,0.026318063959479332,0.01291231345385313,0.0015166767407208681,0.0017179185342683922
932.jpg,0.04238325546032584,0.026390735059976578,0.015107792802155018,0.0008723354549147189,1.239214327952709e-05
575.jpg,0.0423187229266091,0.027117744088172913,0.012513116002082825,0.002670879475772381,1.6983360580979934e-05
177.jpg,0.04228364381575744,0.030743975192308426,0.010869663208723068,0.0006592042045667768,1.080121015917257e-05
354.jpg,0.04215470716347802,0.027135325595736504,0.013690861873328686,0.0012886644108220935,3.985528359073953e-05
1040.jpg,0.04184605840116262,0.03355306014418602,0.004944760352373123,0.003239579265937209,0.00010865863866627024
267.jpg,0.041797427147457045,0.02502553164958954,0.01575676165521145,0.0009855024982243776,2.9631344431679807e-05
701.jpg,0.04146435857813913,0.024211978539824486,0.015696154907345772,0.001515342853963375,4.088227700549396e-05
1132.jpg,0.041266252293326006,0.022838331758975983,0.01560684572905302,0.0024553409311920404,0.00036573387410496205
523.jpg,0.04094559771357087,0.02669397182762623,0.013426672667264938,0.0008210968226194382,3.856396060264444e-06
600.jpg,0.04080785186394742,0.027425631880760193,0.01210777834057808,0.0012460715370252728,2.837010558387476e-05
438.jpg,0.04039618418125723,0.024661961942911148,0.015541128814220428,0.00017290181131102145,2.0191612814635107e-05
500.jpg,0.04026435059845923,0.025092659518122673,0.013540849089622498,0.001621271250769496,9.570739944564366e-06
688.jpg,0.04025631778941374,0.02758011221885681,0.011281119659543037,0.0012117987498641014,0.00018328716114979215
798.jpg,0.03983229665459476,0.03123483434319496,0.00776098296046257,0.0007962511735968292,4.022817734039563e-05
338.jpg,0.03983190363902611,0.025437386706471443,0.013887044042348862,0.000496752851177007,1.072003902879981e-05
83.jpg,0.03976600805969932,0.02518340013921261,0.01279987022280693,0.0017650456866249442,1.769201105483731e-05
826.jpg,0.03969759806554407,0.02457185834646225,0.014261960983276367,0.0008514636429026723,1.2315092902781544e-05
553.jpg,0.039683261910830936,0.029697703197598457,0.008562512695789337,0.0014039792586117983,1.9066758831343122e-05
328.jpg,0.03963465559843371,0.027784314006567,0.010371377691626549,0.0014227398205548525,5.6224079685307515e-05
853.jpg,0.03951561189761321,0.028755171224474907,0.010510582476854324,0.00024650938576087356,3.348810523107204e-06
1136.jpg,0.0389636443014183,0.027610009536147118,0.010465155355632305,0.000840892898850143,4.7586510788732994e-05
760.jpg,0.03869044572966018,0.02638537436723709,0.010298129171133041,0.0019553257152438164,5.161647604623454e-05
201.jpg,0.03863269720727658,0.025657810270786285,0.007501943502575159,0.005110576283186674,0.0003623671507284598
652.jpg,0.03859628185114161,0.023656509816646576,0.01244109496474266,0.002471280749887228,2.7396319865147234e-05
930.jpg,0.038508613101271294,0.020786460489034653,0.01683991402387619,0.0008393684402108192,4.287014814963186e-05
160.jpg,0.03835461798144024,0.02175925485789776,0.015401769429445267,0.001177496975287795,1.6096718809421873e-05
535.jpg,0.03804658290024676,0.023585902526974678,0.013726349920034409,0.0007287577609531581,5.572692284516734e-06
708.jpg,0.03799868843393028,0.025679536163806915,0.011758865788578987,0.0005530959460884333,7.190535455947611e-06
1083.jpg,0.037964464892638466,0.02656942419707775,0.009524629451334476,0.0018392219208180904,3.1189323408148395e-05
634.jpg,0.03785162210120774,0.02657330594956875,0.009425380267202854,0.0017977625830098987,5.5173301426236776e-05
654.jpg,0.037564308511320976,0.029347361996769905,0.007473671343177557,0.0007129689329303801,3.030623844313407e-05
944.jpg,0.03744154090032836,0.024184098467230797,0.012572500854730606,0.0006499137962237,3.5027782143259856e-05
667.jpg,0.037422052110187565,0.02125111222267151,0.014445669949054718,0.0016834097914397717,4.186014702156626e-05
783.jpg,0.037329111965348716,0.022527066990733147,0.013322902843356133,0.0014753509312868118,3.7911999726247814e-06
8.jpg,0.03719802812786188,0.016983263194561005,0.016509439796209335,0.0035604226868599653,0.00014490245023157655
648.jpg,0.03715418315688601,0.028379889205098152,0.008467152714729309,0.00030018831603229046,6.952921026259773e-06
103.jpg,0.03711616535839113,0.024278223514556885,0.010656025260686874,0.0021688584238290787,1.3058159318291018e-05
1086.jpg,0.03678177948989969,0.02542334422469139,0.010478943586349487,0.000846477341838181,3.30143370206315e-05
757.jpg,0.036531501714492265,0.02470538765192032,0.011429209262132645,0.000388601009035483,8.30379140381865e-06
897.jpg,0.03649731482346397,0.023983720690011978,0.012043404392898083,0.00044811127008870244,2.207847046520328e-05
93.jpg,0.036020667033938025,0.024856477975845337,0.010491511784493923,0.0006151348352432251,5.754243835554007e-05
814.jpg,0.035788741689430026,0.02655409276485443,0.00815042108297348,0.0010620374232530594,2.2190418349055108e-05
860.jpg,0.03575821372652399,0.02455889992415905,0.010840659961104393,0.0003525788488332182,6.074992427329562e-06
1114.jpg,0.03568009304217368,0.0270114503800869,0.007900596596300602,0.0007558768847957253,1.2169180990451167e-05
724.jpg,0.035627382495432514,0.026180366054177284,0.0076358746737241745,0.0017840471118688583,2.7094655662196487e-05
838.jpg,0.03536049941229091,0.023527022451162338,0.011445396579802036,0.00038046116242185235,7.61921890468642e-06
1126.jpg,0.03531233117598731,0.024828772991895676,0.008798784576356411,0.0016661284025758505,1.864520515937329e-05
605.jpg,0.034963877020262046,0.020668290555477142,0.013731157407164574,0.0005472504417411983,1.7178615879132053e-05
996.jpg,0.03463744995769957,0.01749800145626068,0.015317714773118496,0.0011541382409632206,0.0006675954873571754
550.jpg,0.03456771727348906,0.024607714265584946,0.008672370575368404,0.001275140792131424,1.2491640404288518e-05
118.jpg,0.03445426365384208,0.023168113082647324,0.009491406381130219,0.0017463723197579384,4.8371870306596065e-05
888.jpg,0.034429040580597814,0.023036884143948555,0.010490070097148418,0.0008970387862063944,5.047553294446061e-06
1118.jpg,0.03400327017265603,0.016413267701864243,0.0065971435979008675,0.001599692041054368,0.009393166831836552
1166.jpg,0.03397815890411948,0.023960351943969727,0.008410532027482986,0.0015973971458151937,9.877786851575365e-06
536.jpg,0.0338787277026662,0.018746143206954002,0.014549675397574902,0.000573605764657259,9.303333480037423e-06
264.jpg,0.03367983106427097,0.01773224025964737,0.012971067801117897,0.002924898639321327,5.1624364184377214e-05
1184.jpg,0.0336645728427811,0.02586529590189457,0.006807186175137758,0.0009484345791861415,4.3656186562629484e-05
125.jpg,0.033618411707827534,0.024255268275737762,0.007928501814603806,0.001357105909846723,7.753570763924245e-05
880.jpg,0.033303614876121546,0.02195875532925129,0.010543255135416985,0.0007903260411694646,1.1278370283807071e-05
19.jpg,0.033070712383845846,0.016421407461166382,0.016309162601828575,0.0003351884661242366,4.953854726652551e-06
404.jpg,0.03304686049428085,0.024225665256381035,0.007810408715158701,0.0009394387598149478,7.134776292616607e-05
775.jpg,0.033001639197777655,0.018314866349101067,0.014042343012988567,0.0006402064464055002,4.223389282520529e-06
41.jpg,0.032927314303194066,0.020892923697829247,0.010613181628286839,0.0014113853685557842,9.823608522196992e-06
803.jpg,0.03292124141846742,0.02283261902630329,0.009393556974828243,0.0006346370209939778,6.0428396341905e-05
146.jpg,0.032824679592067696,0.01639002189040184,0.011877686716616154,0.004095299635082483,0.0004616713499672187
401.jpg,0.03257719220573563,0.020911823958158493,0.010972155258059502,0.0006862013833597302,7.011606157902861e-06
984.jpg,0.032448113145164825,0.02188868448138237,0.009928500279784203,0.0005994266830384731,3.1501700959779555e-05
358.jpg,0.03234607423046043,0.023482147604227066,0.007208871189504862,0.0016498272307217121,5.22820600679097e-06
639.jpg,0.03216648863099178,0.01781509444117546,0.011895494535565376,0.002439825562760234,1.607409149070871e-05
1104.jpg,0.03184446274948982,0.019937027245759964,0.009637588635087013,0.0022385611664503813,3.128570219246285e-05
696.jpg,0.03166439329643822,0.023369520902633667,0.00784155260771513,0.00033201268524862826,0.0001213071008407951
548.jpg,0.03163415244938683,0.021625317633152008,0.007977960631251335,0.0020049456506967545,2.592853428673436e-05
537.jpg,0.031319119759473074,0.023663034662604332,0.005662840791046619,0.001949347904883325,4.389640093879765e-05
802.jpg,0.03123565640461834,0.023443330079317093,0.0067159016616642475,0.0010331111261621118,4.33135374748872e-05
50.jpg,0.031147523494495122,0.021753817796707153,0.008453837595880032,0.0009264851687476039,1.338293316033301e-05
291.jpg,0.031055313629622106,0.019922951236367226,0.010772551409900188,0.000354618183337152,5.192800017539412e-06
172.jpg,0.03094336525414154,0.01787951961159706,0.011650540865957737,0.001344717456959188,6.858731962755549e-05
48.jpg,0.03087873624144777,0.017364511266350746,0.012024397030472755,0.0014619540888816118,2.7873855742654996e-05
432.jpg,0.030679574518273967,0.015190158039331436,0.014852882362902164,0.0006309609161689878,5.573199871378165e-06
891.jpg,0.030610093697305052,0.01975148543715477,0.008193165063858032,0.0025587708223611116,0.00010667237393113815
139.jpg,0.030485566077913973,0.020333027467131615,0.007944907061755657,0.002124885795637965,8.274575338873547e-05
633.jpg,0.030126934731015353,0.017194772139191628,0.007909214124083519,0.004841954447329044,0.00018099402041116264
1182.jpg,0.029652847505076352,0.01702398806810379,0.011470106430351734,0.0010958882048726082,6.286480174821918e-05
617.jpg,0.029554140471418577,0.01887926459312439,0.009851948358118534,0.0008077373495325446,1.5190170643109013e-05
908.jpg,0.029502079112123852,0.015893299132585526,0.01232856698334217,0.0012639411725103855,1.6271823685770626e-05
298.jpg,0.02916989279125204,0.013959687203168869,0.014050311408936977,0.001113541075028479,4.635310411771343e-05
837.jpg,0.028872053691216593,0.013631314039230347,0.014195455238223076,0.0010295845568180084,1.5699856945161628e-05
958.jpg,0.028704422846942634,0.02165079116821289,0.005107693839818239,0.0019308775663375854,1.5060272573919065e-05
347.jpg,0.028535528777524632,0.022347023710608482,0.004459035117179155,0.0016824573976919055,4.701255204508925e-05
511.jpg,0.028299334617021277,0.012181878089904785,0.011400021612644196,0.003763472894206643,0.0009539620202656529
120.jpg,0.02825088505187523,0.02026352286338806,0.00725353742018342,0.0007280388381332159,5.785930170532083e-06
184.jpg,0.02825014960745864,0.013771952129900455,0.013528427109122276,0.0009058666182681918,4.3903750167717526e-05
685.jpg,0.02693484705888413,0.019641762599349022,0.00645556952804327,0.000828854157589376,8.660773902463559e-06
69.jpg,0.02680048778870514,0.01749887689948082,0.008167752996087074,0.001100160414353013,3.369747878423368e-05
663.jpg,0.026604877998835263,0.016735369339585304,0.0075301481410861015,0.0023295176215469837,9.842896616873986e-06
876.jpg,0.026532882496658416,0.014613945037126541,0.01092161238193512,0.0009724191040731966,2.4905973523559055e-05
253.jpg,0.026193628778717226,0.02081107906997204,0.0032814210280776024,0.002039714250713587,6.14144299539987e-05
99.jpg,0.02612869100403259,0.017516544088721275,0.00770131079480052,0.0008736048475839198,3.7231272926874226e-05
608.jpg,0.02602859614995623,0.019042298197746277,0.006498751230537891,0.00047816865844652057,9.378063225540245e-06
62.jpg,0.0259638597760965,0.015117200091481209,0.010094068944454193,0.0007405387004837394,1.205203967735713e-05
850.jpg,0.02543624427686808,0.01788102649152279,0.0071695721708238125,0.0003749066381715238,1.0738976349955465e-05
658.jpg,0.025398034959948745,0.020060941576957703,0.004503482952713966,0.0007863142527639866,4.729617751308979e-05
557.jpg,0.025390275652263455,0.017118889838457108,0.007470293901860714,0.0007101395167410374,9.095239520459653e-05
87.jpg,0.02473112281479395,0.017266595736145973,0.005945942830294371,0.0014511571498587728,6.74270984948322e-05
1141.jpg,0.024537962749271003,0.018994072452187538,0.004504607059061527,0.0010064983507618308,3.278488726010664e-05
589.jpg,0.024110760045459756,0.014404067769646645,0.008368605747818947,0.0013192780315876007,1.880849640656379e-05
985.jpg,0.023884124963592157,0.015475214459002018,0.007881373167037964,0.0005168179050087929,1.0719432543382368e-05
718.jpg,0.022765430380317753,0.01305070798844099,0.008419806137681007,0.0012892865343019366,5.629719893818219e-06
483.jpg,0.022742483571291938,0.015085292980074883,0.0064490544609725475,0.0011234681587666273,8.466797147788085e-05
977.jpg,0.02252924273157572,0.014750378206372261,0.007059474475681782,0.000700544856954366,1.8845192567312763e-05
135.jpg,0.022380676250861598,0.015120930038392544,0.005718153901398182,0.001510116271674633,3.1476039396238775e-05
121.jpg,0.02123459501439129,0.014550866559147835,0.005656105000525713,0.0010249646147713065,2.6588399464344548e-06
387.jpg,0.020405394338069538,0.010176749899983406,0.00987218413501978,0.00034317641984671354,1.3283883219639137e-05
1106.jpg,0.01987407219181825,0.012890865094959736,0.005290145520120859,0.001681103021837771,1.1958554899882401e-05
797.jpg,0.019708019614625982,0.01468513160943985,0.003107302589341998,0.0019075882155448198,7.9972002993145e-06
